time,t
2018-12-31 20:00,8.123
2018-12-31 21:00,7.604
2018-12-31 22:00,7.274
2018-12-31 23:00,6.844
2019-01-01 00:00,6.462
2019-01-01 01:00,6.277
2019-01-01 02:00,6.287
2019-01-01 03:00,6.454
2019-01-01 04:00,6.51
2019-01-01 05:00,6.594
2019-01-01 06:00,7.122
2019-01-01 07:00,8.155
2019-01-01 08:00,8.864
2019-01-01 09:00,9.962
2019-01-01 10:00,11.37
2019-01-01 11:00,12.374
2019-01-01 12:00,13.15
2019-01-01 13:00,14.012
2019-01-01 14:00,14.184
2019-01-01 15:00,13.906
2019-01-01 16:00,13.183
2019-01-01 17:00,11.73
2019-01-01 18:00,9.983
2019-01-01 19:00,8.917
2019-01-01 20:00,8.861
2019-01-01 21:00,8.693
2019-01-01 22:00,8.295
2019-01-01 23:00,7.958
2019-01-02 00:00,7.754
2019-01-02 01:00,7.511
2019-01-02 02:00,7.125
2019-01-02 03:00,6.349
2019-01-02 04:00,5.94
2019-01-02 05:00,5.223
2019-01-02 06:00,5.933
2019-01-02 07:00,7.894
2019-01-02 08:00,10.428
2019-01-02 09:00,13.15
2019-01-02 10:00,14.67
2019-01-02 11:00,15.499
2019-01-02 12:00,15.878
2019-01-02 13:00,15.823
2019-01-02 14:00,15.058
2019-01-02 15:00,13.583
2019-01-02 16:00,12.106
2019-01-02 17:00,10.806
2019-01-02 18:00,9.432
2019-01-02 19:00,8.403
2019-01-02 20:00,8.108
2019-01-02 21:00,7.965
2019-01-02 22:00,7.725
2019-01-02 23:00,7.515
2019-01-03 00:00,7.16
2019-01-03 01:00,7.044
2019-01-03 02:00,6.924
2019-01-03 03:00,6.611
2019-01-03 04:00,6.539
2019-01-03 05:00,6.595
2019-01-03 06:00,6.969
2019-01-03 07:00,7.756
2019-01-03 08:00,8.758
2019-01-03 09:00,9.738
2019-01-03 10:00,10.58
2019-01-03 11:00,11.25
2019-01-03 12:00,11.757
2019-01-03 13:00,12.117
2019-01-03 14:00,11.722
2019-01-03 15:00,10.717
2019-01-03 16:00,9.463
2019-01-03 17:00,8.646
2019-01-03 18:00,7.989
2019-01-03 19:00,7.481
2019-01-03 20:00,6.99
2019-01-03 21:00,6.462
2019-01-03 22:00,6.052
2019-01-03 23:00,5.791
2019-01-04 00:00,5.723
2019-01-04 01:00,5.694
2019-01-04 02:00,5.568
2019-01-04 03:00,5.397
2019-01-04 04:00,5.436
2019-01-04 05:00,5.363
2019-01-04 06:00,5.666
2019-01-04 07:00,6.54
2019-01-04 08:00,7.988
2019-01-04 09:00,9.651
2019-01-04 10:00,11.306
2019-01-04 11:00,12.618
2019-01-04 12:00,13.446
2019-01-04 13:00,13.435
2019-01-04 14:00,12.657
2019-01-04 15:00,10.971
2019-01-04 16:00,8.905
2019-01-04 17:00,7.126
2019-01-04 18:00,6.075
2019-01-04 19:00,5.338
2019-01-04 20:00,5.001
2019-01-04 21:00,4.801
2019-01-04 22:00,4.738
2019-01-04 23:00,4.727
2019-01-05 00:00,4.714
2019-01-05 01:00,4.67
2019-01-05 02:00,4.595
2019-01-05 03:00,4.546
2019-01-05 04:00,4.488
2019-01-05 05:00,4.242
2019-01-05 06:00,4.628
2019-01-05 07:00,6.166
2019-01-05 08:00,8.08
2019-01-05 09:00,10.385
2019-01-05 10:00,12.401
2019-01-05 11:00,13.595
2019-01-05 12:00,14.42
2019-01-05 13:00,14.443
2019-01-05 14:00,14.492
2019-01-05 15:00,13.827
2019-01-05 16:00,12.606
2019-01-05 17:00,11.164
2019-01-05 18:00,9.73
2019-01-05 19:00,8.803
2019-01-05 20:00,8.668
2019-01-05 21:00,8.386
2019-01-05 22:00,8.258
2019-01-05 23:00,7.977
2019-01-06 00:00,7.203
2019-01-06 01:00,4.675
2019-01-06 02:00,3.983
2019-01-06 03:00,3.017
2019-01-06 04:00,2.278
2019-01-06 05:00,2.203
2019-01-06 06:00,2.687
2019-01-06 07:00,3.994
2019-01-06 08:00,6.615
2019-01-06 09:00,10.495
2019-01-06 10:00,14.211
2019-01-06 11:00,16.487
2019-01-06 12:00,17.783
2019-01-06 13:00,18.61
2019-01-06 14:00,18.977
2019-01-06 15:00,18.833
2019-01-06 16:00,17.948
2019-01-06 17:00,16.062
2019-01-06 18:00,12.679
2019-01-06 19:00,9.405
2019-01-06 20:00,8.887
2019-01-06 21:00,8.441
2019-01-06 22:00,7.155
2019-01-06 23:00,6.498
2019-01-07 00:00,5.766
2019-01-07 01:00,4.761
2019-01-07 02:00,3.799
2019-01-07 03:00,2.928
2019-01-07 04:00,2.073
2019-01-07 05:00,1.168
2019-01-07 06:00,1.942
2019-01-07 07:00,5.696
2019-01-07 08:00,10.522
2019-01-07 09:00,13.971
2019-01-07 10:00,16.432
2019-01-07 11:00,18.124
2019-01-07 12:00,19.06
2019-01-07 13:00,19.249
2019-01-07 14:00,18.789
2019-01-07 15:00,17.79
2019-01-07 16:00,16.227
2019-01-07 17:00,13.826
2019-01-07 18:00,10.945
2019-01-07 19:00,9.345
2019-01-07 20:00,9.226
2019-01-07 21:00,8.914
2019-01-07 22:00,8.555
2019-01-07 23:00,8.308
2019-01-08 00:00,8.011
2019-01-08 01:00,7.707
2019-01-08 02:00,7.438
2019-01-08 03:00,7.233
2019-01-08 04:00,7.026
2019-01-08 05:00,6.82
2019-01-08 06:00,7.15
2019-01-08 07:00,8.445
2019-01-08 08:00,10.278
2019-01-08 09:00,11.895
2019-01-08 10:00,13.228
2019-01-08 11:00,14.506
2019-01-08 12:00,15.453
2019-01-08 13:00,16.086
2019-01-08 14:00,16.096
2019-01-08 15:00,14.966
2019-01-08 16:00,13.423
2019-01-08 17:00,11.269
2019-01-08 18:00,9.341
2019-01-08 19:00,8.885
2019-01-08 20:00,8.719
2019-01-08 21:00,8.548
2019-01-08 22:00,8.182
2019-01-08 23:00,7.761
2019-01-09 00:00,7.451
2019-01-09 01:00,7.041
2019-01-09 02:00,6.809
2019-01-09 03:00,6.525
2019-01-09 04:00,5.98
2019-01-09 05:00,5.561
2019-01-09 06:00,6.209
2019-01-09 07:00,8.318
2019-01-09 08:00,11.651
2019-01-09 09:00,14.357
2019-01-09 10:00,15.937
2019-01-09 11:00,16.685
2019-01-09 12:00,16.889
2019-01-09 13:00,16.788
2019-01-09 14:00,16.105
2019-01-09 15:00,14.715
2019-01-09 16:00,13.309
2019-01-09 17:00,11.786
2019-01-09 18:00,10.036
2019-01-09 19:00,8.736
2019-01-09 20:00,8.617
2019-01-09 21:00,8.422
2019-01-09 22:00,8.211
2019-01-09 23:00,7.913
2019-01-10 00:00,7.819
2019-01-10 01:00,7.73
2019-01-10 02:00,7.422
2019-01-10 03:00,7.111
2019-01-10 04:00,6.811
2019-01-10 05:00,6.746
2019-01-10 06:00,7.228
2019-01-10 07:00,8.418
2019-01-10 08:00,9.78
2019-01-10 09:00,11.282
2019-01-10 10:00,12.795
2019-01-10 11:00,13.607
2019-01-10 12:00,13.804
2019-01-10 13:00,13.823
2019-01-10 14:00,13.594
2019-01-10 15:00,12.936
2019-01-10 16:00,11.633
2019-01-10 17:00,10.228
2019-01-10 18:00,9.256
2019-01-10 19:00,8.754
2019-01-10 20:00,8.823
2019-01-10 21:00,8.65
2019-01-10 22:00,8.161
2019-01-10 23:00,7.775
2019-01-11 00:00,7.475
2019-01-11 01:00,7.27
2019-01-11 02:00,7.057
2019-01-11 03:00,6.98
2019-01-11 04:00,6.963
2019-01-11 05:00,6.835
2019-01-11 06:00,7.041
2019-01-11 07:00,7.546
2019-01-11 08:00,7.968
2019-01-11 09:00,8.893
2019-01-11 10:00,10.126
2019-01-11 11:00,11.022
2019-01-11 12:00,11.328
2019-01-11 13:00,11.156
2019-01-11 14:00,10.653
2019-01-11 15:00,9.784
2019-01-11 16:00,8.968
2019-01-11 17:00,8.134
2019-01-11 18:00,7.32
2019-01-11 19:00,6.842
2019-01-11 20:00,6.652
2019-01-11 21:00,6.301
2019-01-11 22:00,5.977
2019-01-11 23:00,5.773
2019-01-12 00:00,5.681
2019-01-12 01:00,5.686
2019-01-12 02:00,5.739
2019-01-12 03:00,5.631
2019-01-12 04:00,5.397
2019-01-12 05:00,4.625
2019-01-12 06:00,5.098
2019-01-12 07:00,6.85
2019-01-12 08:00,9.11
2019-01-12 09:00,11.207
2019-01-12 10:00,12.934
2019-01-12 11:00,14.07
2019-01-12 12:00,14.866
2019-01-12 13:00,14.91
2019-01-12 14:00,14.16
2019-01-12 15:00,12.819
2019-01-12 16:00,11.441
2019-01-12 17:00,10.014
2019-01-12 18:00,8.543
2019-01-12 19:00,7.392
2019-01-12 20:00,6.519
2019-01-12 21:00,6.111
2019-01-12 22:00,5.165
2019-01-12 23:00,5.125
2019-01-13 00:00,4.92
2019-01-13 01:00,4.554
2019-01-13 02:00,4.159
2019-01-13 03:00,3.904
2019-01-13 04:00,3.596
2019-01-13 05:00,3.303
2019-01-13 06:00,4.073
2019-01-13 07:00,6.433
2019-01-13 08:00,9.221
2019-01-13 09:00,11.716
2019-01-13 10:00,13.271
2019-01-13 11:00,14.004
2019-01-13 12:00,14.512
2019-01-13 13:00,14.52
2019-01-13 14:00,14.323
2019-01-13 15:00,13.315
2019-01-13 16:00,11.73
2019-01-13 17:00,10.283
2019-01-13 18:00,9.052
2019-01-13 19:00,8.464
2019-01-13 20:00,8.433
2019-01-13 21:00,8.259
2019-01-13 22:00,7.735
2019-01-13 23:00,7.384
2019-01-14 00:00,6.868
2019-01-14 01:00,6.636
2019-01-14 02:00,6.438
2019-01-14 03:00,6.2
2019-01-14 04:00,5.884
2019-01-14 05:00,5.611
2019-01-14 06:00,6.021
2019-01-14 07:00,7.161
2019-01-14 08:00,9.039
2019-01-14 09:00,11.262
2019-01-14 10:00,12.999
2019-01-14 11:00,13.928
2019-01-14 12:00,14.098
2019-01-14 13:00,13.924
2019-01-14 14:00,13.636
2019-01-14 15:00,13.163
2019-01-14 16:00,12.28
2019-01-14 17:00,10.721
2019-01-14 18:00,9.64
2019-01-14 19:00,9.363
2019-01-14 20:00,9.415
2019-01-14 21:00,9.209
2019-01-14 22:00,8.771
2019-01-14 23:00,8.003
2019-01-15 00:00,7.268
2019-01-15 01:00,6.834
2019-01-15 02:00,6.583
2019-01-15 03:00,6.455
2019-01-15 04:00,6.464
2019-01-15 05:00,6.445
2019-01-15 06:00,6.926
2019-01-15 07:00,7.972
2019-01-15 08:00,9.145
2019-01-15 09:00,10.348
2019-01-15 10:00,11.434
2019-01-15 11:00,12.186
2019-01-15 12:00,12.251
2019-01-15 13:00,12.299
2019-01-15 14:00,11.892
2019-01-15 15:00,11.387
2019-01-15 16:00,10.875
2019-01-15 17:00,10.216
2019-01-15 18:00,8.957
2019-01-15 19:00,7.756
2019-01-15 20:00,7.718
2019-01-15 21:00,7.679
2019-01-15 22:00,7.347
2019-01-15 23:00,6.999
2019-01-16 00:00,6.685
2019-01-16 01:00,6.426
2019-01-16 02:00,6.141
2019-01-16 03:00,5.422
2019-01-16 04:00,5.157
2019-01-16 05:00,4.93
2019-01-16 06:00,5.488
2019-01-16 07:00,7.039
2019-01-16 08:00,9.388
2019-01-16 09:00,12.126
2019-01-16 10:00,13.959
2019-01-16 11:00,14.506
2019-01-16 12:00,14.407
2019-01-16 13:00,14.117
2019-01-16 14:00,13.524
2019-01-16 15:00,12.563
2019-01-16 16:00,11.402
2019-01-16 17:00,10.088
2019-01-16 18:00,8.69
2019-01-16 19:00,7.799
2019-01-16 20:00,7.83
2019-01-16 21:00,7.745
2019-01-16 22:00,7.499
2019-01-16 23:00,7.094
2019-01-17 00:00,6.861
2019-01-17 01:00,6.676
2019-01-17 02:00,6.371
2019-01-17 03:00,5.992
2019-01-17 04:00,5.607
2019-01-17 05:00,5.309
2019-01-17 06:00,5.653
2019-01-17 07:00,6.92
2019-01-17 08:00,8.946
2019-01-17 09:00,11.251
2019-01-17 10:00,12.959
2019-01-17 11:00,13.835
2019-01-17 12:00,14.215
2019-01-17 13:00,14.358
2019-01-17 14:00,14.117
2019-01-17 15:00,13.471
2019-01-17 16:00,12.385
2019-01-17 17:00,11.083
2019-01-17 18:00,9.443
2019-01-17 19:00,8.288
2019-01-17 20:00,8.176
2019-01-17 21:00,8.233
2019-01-17 22:00,8.237
2019-01-17 23:00,8.425
2019-01-18 00:00,8.478
2019-01-18 01:00,8.156
2019-01-18 02:00,7.754
2019-01-18 03:00,7.402
2019-01-18 04:00,7.176
2019-01-18 05:00,7.023
2019-01-18 06:00,7.207
2019-01-18 07:00,7.947
2019-01-18 08:00,8.968
2019-01-18 09:00,10.438
2019-01-18 10:00,11.688
2019-01-18 11:00,12.447
2019-01-18 12:00,12.707
2019-01-18 13:00,12.763
2019-01-18 14:00,12.575
2019-01-18 15:00,12.084
2019-01-18 16:00,11.334
2019-01-18 17:00,10.052
2019-01-18 18:00,8.357
2019-01-18 19:00,7.618
2019-01-18 20:00,7.548
2019-01-18 21:00,7.394
2019-01-18 22:00,7.235
2019-01-18 23:00,6.916
2019-01-19 00:00,6.432
2019-01-19 01:00,5.654
2019-01-19 02:00,5.418
2019-01-19 03:00,5.206
2019-01-19 04:00,5.015
2019-01-19 05:00,4.786
2019-01-19 06:00,4.999
2019-01-19 07:00,6.27
2019-01-19 08:00,7.949
2019-01-19 09:00,10.178
2019-01-19 10:00,12.148
2019-01-19 11:00,13.438
2019-01-19 12:00,14.053
2019-01-19 13:00,14.089
2019-01-19 14:00,13.45
2019-01-19 15:00,12.167
2019-01-19 16:00,10.832
2019-01-19 17:00,9.618
2019-01-19 18:00,8.535
2019-01-19 19:00,7.625
2019-01-19 20:00,7.273
2019-01-19 21:00,7.017
2019-01-19 22:00,6.647
2019-01-19 23:00,6.262
2019-01-20 00:00,5.814
2019-01-20 01:00,5.464
2019-01-20 02:00,5.101
2019-01-20 03:00,4.669
2019-01-20 04:00,4.228
2019-01-20 05:00,3.881
2019-01-20 06:00,4.204
2019-01-20 07:00,6.52
2019-01-20 08:00,9.155
2019-01-20 09:00,11.871
2019-01-20 10:00,14.018
2019-01-20 11:00,15.557
2019-01-20 12:00,16.408
2019-01-20 13:00,16.626
2019-01-20 14:00,16.458
2019-01-20 15:00,15.678
2019-01-20 16:00,14.306
2019-01-20 17:00,12.425
2019-01-20 18:00,10.474
2019-01-20 19:00,9.239
2019-01-20 20:00,8.843
2019-01-20 21:00,8.585
2019-01-20 22:00,8.257
2019-01-20 23:00,7.774
2019-01-21 00:00,7.457
2019-01-21 01:00,7.069
2019-01-21 02:00,6.397
2019-01-21 03:00,6.065
2019-01-21 04:00,5.792
2019-01-21 05:00,5.423
2019-01-21 06:00,5.904
2019-01-21 07:00,7.865
2019-01-21 08:00,10.989
2019-01-21 09:00,13.748
2019-01-21 10:00,15.534
2019-01-21 11:00,16.535
2019-01-21 12:00,16.787
2019-01-21 13:00,16.498
2019-01-21 14:00,15.816
2019-01-21 15:00,14.898
2019-01-21 16:00,13.794
2019-01-21 17:00,12.437
2019-01-21 18:00,10.596
2019-01-21 19:00,9.002
2019-01-21 20:00,8.885
2019-01-21 21:00,8.766
2019-01-21 22:00,8.45
2019-01-21 23:00,8.004
2019-01-22 00:00,7.706
2019-01-22 01:00,7.518
2019-01-22 02:00,7.255
2019-01-22 03:00,7.047
2019-01-22 04:00,6.647
2019-01-22 05:00,6.292
2019-01-22 06:00,6.214
2019-01-22 07:00,7.181
2019-01-22 08:00,8.766
2019-01-22 09:00,10.538
2019-01-22 10:00,12.176
2019-01-22 11:00,13.132
2019-01-22 12:00,13.587
2019-01-22 13:00,13.824
2019-01-22 14:00,13.713
2019-01-22 15:00,13.192
2019-01-22 16:00,12.269
2019-01-22 17:00,11.075
2019-01-22 18:00,9.267
2019-01-22 19:00,7.126
2019-01-22 20:00,6.067
2019-01-22 21:00,5.994
2019-01-22 22:00,5.92
2019-01-22 23:00,5.482
2019-01-23 00:00,4.936
2019-01-23 01:00,4.431
2019-01-23 02:00,4.209
2019-01-23 03:00,4.136
2019-01-23 04:00,4.035
2019-01-23 05:00,3.978
2019-01-23 06:00,4.585
2019-01-23 07:00,6.768
2019-01-23 08:00,9.548
2019-01-23 09:00,12.079
2019-01-23 10:00,13.595
2019-01-23 11:00,14.517
2019-01-23 12:00,14.681
2019-01-23 13:00,14.151
2019-01-23 14:00,13.393
2019-01-23 15:00,12.733
2019-01-23 16:00,12.331
2019-01-23 17:00,10.893
2019-01-23 18:00,9.192
2019-01-23 19:00,7.963
2019-01-23 20:00,7.726
2019-01-23 21:00,7.576
2019-01-23 22:00,7.009
2019-01-23 23:00,6.177
2019-01-24 00:00,5.24
2019-01-24 01:00,4.5
2019-01-24 02:00,3.778
2019-01-24 03:00,3.619
2019-01-24 04:00,3.536
2019-01-24 05:00,3.348
2019-01-24 06:00,3.654
2019-01-24 07:00,6.983
2019-01-24 08:00,10.571
2019-01-24 09:00,13.102
2019-01-24 10:00,14.83
2019-01-24 11:00,15.572
2019-01-24 12:00,15.632
2019-01-24 13:00,15.459
2019-01-24 14:00,15.111
2019-01-24 15:00,14.301
2019-01-24 16:00,12.948
2019-01-24 17:00,11.074
2019-01-24 18:00,8.887
2019-01-24 19:00,7.572
2019-01-24 20:00,7.522
2019-01-24 21:00,7.013
2019-01-24 22:00,6.206
2019-01-24 23:00,5.52
2019-01-25 00:00,5.327
2019-01-25 01:00,4.975
2019-01-25 02:00,4.627
2019-01-25 03:00,4.319
2019-01-25 04:00,4.059
2019-01-25 05:00,3.863
2019-01-25 06:00,4.219
2019-01-25 07:00,6.323
2019-01-25 08:00,9.184
2019-01-25 09:00,11.974
2019-01-25 10:00,14.04
2019-01-25 11:00,15.173
2019-01-25 12:00,15.603
2019-01-25 13:00,15.455
2019-01-25 14:00,14.79
2019-01-25 15:00,13.833
2019-01-25 16:00,12.637
2019-01-25 17:00,11.184
2019-01-25 18:00,9.478
2019-01-25 19:00,7.931
2019-01-25 20:00,7.507
2019-01-25 21:00,7.405
2019-01-25 22:00,7.049
2019-01-25 23:00,6.65
2019-01-26 00:00,6.213
2019-01-26 01:00,5.833
2019-01-26 02:00,5.46
2019-01-26 03:00,5.193
2019-01-26 04:00,5.078
2019-01-26 05:00,4.928
2019-01-26 06:00,5.209
2019-01-26 07:00,7.51
2019-01-26 08:00,10.505
2019-01-26 09:00,12.227
2019-01-26 10:00,13.102
2019-01-26 11:00,13.354
2019-01-26 12:00,13.115
2019-01-26 13:00,12.778
2019-01-26 14:00,12.471
2019-01-26 15:00,12.26
2019-01-26 16:00,11.752
2019-01-26 17:00,10.604
2019-01-26 18:00,8.806
2019-01-26 19:00,6.71
2019-01-26 20:00,6.193
2019-01-26 21:00,5.775
2019-01-26 22:00,5.297
2019-01-26 23:00,4.834
2019-01-27 00:00,4.372
2019-01-27 01:00,4.472
2019-01-27 02:00,4.458
2019-01-27 03:00,4.324
2019-01-27 04:00,3.934
2019-01-27 05:00,3.62
2019-01-27 06:00,4.448
2019-01-27 07:00,7.062
2019-01-27 08:00,9.937
2019-01-27 09:00,12.136
2019-01-27 10:00,13.53
2019-01-27 11:00,14.159
2019-01-27 12:00,14.442
2019-01-27 13:00,14.27
2019-01-27 14:00,13.782
2019-01-27 15:00,12.932
2019-01-27 16:00,11.783
2019-01-27 17:00,10.376
2019-01-27 18:00,8.948
2019-01-27 19:00,8.083
2019-01-27 20:00,8.248
2019-01-27 21:00,8.251
2019-01-27 22:00,8.037
2019-01-27 23:00,7.414
2019-01-28 00:00,6.485
2019-01-28 01:00,5.696
2019-01-28 02:00,5.109
2019-01-28 03:00,4.721
2019-01-28 04:00,4.026
2019-01-28 05:00,3.07
2019-01-28 06:00,3.246
2019-01-28 07:00,4.286
2019-01-28 08:00,5.997
2019-01-28 09:00,7.926
2019-01-28 10:00,10.057
2019-01-28 11:00,12.045
2019-01-28 12:00,13.482
2019-01-28 13:00,14.53
2019-01-28 14:00,15.126
2019-01-28 15:00,14.676
2019-01-28 16:00,13.526
2019-01-28 17:00,11.692
2019-01-28 18:00,9.508
2019-01-28 19:00,7.984
2019-01-28 20:00,7.846
2019-01-28 21:00,7.793
2019-01-28 22:00,7.515
2019-01-28 23:00,7.146
2019-01-29 00:00,6.922
2019-01-29 01:00,6.69
2019-01-29 02:00,6.362
2019-01-29 03:00,5.957
2019-01-29 04:00,5.603
2019-01-29 05:00,5.325
2019-01-29 06:00,5.322
2019-01-29 07:00,6.386
2019-01-29 08:00,8.357
2019-01-29 09:00,10.66
2019-01-29 10:00,12.221
2019-01-29 11:00,12.734
2019-01-29 12:00,12.903
2019-01-29 13:00,13.07
2019-01-29 14:00,12.983
2019-01-29 15:00,12.687
2019-01-29 16:00,11.621
2019-01-29 17:00,10.121
2019-01-29 18:00,8.617
2019-01-29 19:00,7.782
2019-01-29 20:00,7.621
2019-01-29 21:00,7.456
2019-01-29 22:00,7.242
2019-01-29 23:00,6.899
2019-01-30 00:00,6.487
2019-01-30 01:00,6.108
2019-01-30 02:00,5.99
2019-01-30 03:00,5.901
2019-01-30 04:00,5.738
2019-01-30 05:00,5.47
2019-01-30 06:00,5.559
2019-01-30 07:00,6.549
2019-01-30 08:00,8.403
2019-01-30 09:00,10.4
2019-01-30 10:00,12.113
2019-01-30 11:00,13.072
2019-01-30 12:00,13.29
2019-01-30 13:00,12.857
2019-01-30 14:00,11.701
2019-01-30 15:00,10.406
2019-01-30 16:00,9.272
2019-01-30 17:00,8.265
2019-01-30 18:00,7.329
2019-01-30 19:00,6.552
2019-01-30 20:00,5.71
2019-01-30 21:00,4.895
2019-01-30 22:00,4.242
2019-01-30 23:00,3.864
2019-01-31 00:00,3.64
2019-01-31 01:00,3.593
2019-01-31 02:00,3.589
2019-01-31 03:00,3.591
2019-01-31 04:00,3.765
2019-01-31 05:00,3.984
2019-01-31 06:00,4.53
2019-01-31 07:00,5.821
2019-01-31 08:00,7.527
2019-01-31 09:00,9.605
2019-01-31 10:00,10.874
2019-01-31 11:00,11.508
2019-01-31 12:00,12.245
2019-01-31 13:00,12.809
2019-01-31 14:00,12.294
2019-01-31 15:00,11.099
2019-01-31 16:00,9.674
2019-01-31 17:00,8.322
2019-01-31 18:00,7.295
2019-01-31 19:00,6.963
2019-01-31 20:00,7.062
2019-01-31 21:00,6.658
2019-01-31 22:00,6.017
2019-01-31 23:00,5.491
2019-02-01 00:00,5.043
2019-02-01 01:00,4.61
2019-02-01 02:00,4.325
2019-02-01 03:00,3.986
2019-02-01 04:00,3.568
2019-02-01 05:00,3.152
2019-02-01 06:00,3.095
2019-02-01 07:00,4.113
2019-02-01 08:00,5.966
2019-02-01 09:00,8.276
2019-02-01 10:00,9.824
2019-02-01 11:00,11.122
2019-02-01 12:00,11.41
2019-02-01 13:00,11.426
2019-02-01 14:00,11.458
2019-02-01 15:00,10.956
2019-02-01 16:00,9.535
2019-02-01 17:00,7.208
2019-02-01 18:00,5.254
2019-02-01 19:00,3.276
2019-02-01 20:00,3.341
2019-02-01 21:00,3.912
2019-02-01 22:00,4.39
2019-02-01 23:00,4.591
2019-02-02 00:00,4.654
2019-02-02 01:00,4.642
2019-02-02 02:00,4.558
2019-02-02 03:00,4.537
2019-02-02 04:00,4.534
2019-02-02 05:00,4.758
2019-02-02 06:00,5.014
2019-02-02 07:00,5.897
2019-02-02 08:00,6.537
2019-02-02 09:00,7.888
2019-02-02 10:00,9.465
2019-02-02 11:00,10.408
2019-02-02 12:00,10.969
2019-02-02 13:00,11.158
2019-02-02 14:00,11.275
2019-02-02 15:00,10.749
2019-02-02 16:00,9.722
2019-02-02 17:00,8.489
2019-02-02 18:00,7.065
2019-02-02 19:00,6.066
2019-02-02 20:00,5.559
2019-02-02 21:00,5.031
2019-02-02 22:00,4.53
2019-02-02 23:00,4.174
2019-02-03 00:00,3.9
2019-02-03 01:00,3.517
2019-02-03 02:00,3.19
2019-02-03 03:00,2.955
2019-02-03 04:00,2.896
2019-02-03 05:00,2.899
2019-02-03 06:00,3.042
2019-02-03 07:00,4.574
2019-02-03 08:00,6.565
2019-02-03 09:00,8.84
2019-02-03 10:00,10.968
2019-02-03 11:00,12.042
2019-02-03 12:00,12.613
2019-02-03 13:00,12.658
2019-02-03 14:00,12.426
2019-02-03 15:00,12.101
2019-02-03 16:00,11.408
2019-02-03 17:00,10.019
2019-02-03 18:00,7.789
2019-02-03 19:00,6.628
2019-02-03 20:00,6.603
2019-02-03 21:00,6.547
2019-02-03 22:00,5.994
2019-02-03 23:00,5.446
2019-02-04 00:00,5.074
2019-02-04 01:00,4.697
2019-02-04 02:00,4.38
2019-02-04 03:00,4.08
2019-02-04 04:00,3.821
2019-02-04 05:00,3.578
2019-02-04 06:00,3.682
2019-02-04 07:00,4.938
2019-02-04 08:00,6.381
2019-02-04 09:00,8.634
2019-02-04 10:00,10.958
2019-02-04 11:00,12.587
2019-02-04 12:00,13.503
2019-02-04 13:00,14.117
2019-02-04 14:00,14.065
2019-02-04 15:00,13.459
2019-02-04 16:00,12.031
2019-02-04 17:00,10.336
2019-02-04 18:00,8.629
2019-02-04 19:00,7.72
2019-02-04 20:00,7.418
2019-02-04 21:00,7.109
2019-02-04 22:00,6.672
2019-02-04 23:00,6.381
2019-02-05 00:00,5.958
2019-02-05 01:00,5.42
2019-02-05 02:00,4.925
2019-02-05 03:00,4.407
2019-02-05 04:00,3.892
2019-02-05 05:00,3.397
2019-02-05 06:00,3.553
2019-02-05 07:00,5.036
2019-02-05 08:00,7.109
2019-02-05 09:00,9.749
2019-02-05 10:00,12.115
2019-02-05 11:00,13.397
2019-02-05 12:00,13.867
2019-02-05 13:00,13.872
2019-02-05 14:00,13.26
2019-02-05 15:00,12.209
2019-02-05 16:00,10.974
2019-02-05 17:00,9.544
2019-02-05 18:00,7.743
2019-02-05 19:00,6.798
2019-02-05 20:00,6.425
2019-02-05 21:00,6.223
2019-02-05 22:00,5.761
2019-02-05 23:00,5.542
2019-02-06 00:00,5.06
2019-02-06 01:00,4.687
2019-02-06 02:00,4.422
2019-02-06 03:00,4.094
2019-02-06 04:00,3.604
2019-02-06 05:00,3.319
2019-02-06 06:00,3.691
2019-02-06 07:00,5.427
2019-02-06 08:00,8.23
2019-02-06 09:00,11.189
2019-02-06 10:00,13.201
2019-02-06 11:00,14.344
2019-02-06 12:00,14.941
2019-02-06 13:00,15.019
2019-02-06 14:00,14.857
2019-02-06 15:00,14.113
2019-02-06 16:00,12.883
2019-02-06 17:00,11.247
2019-02-06 18:00,9.097
2019-02-06 19:00,7.623
2019-02-06 20:00,7.697
2019-02-06 21:00,7.675
2019-02-06 22:00,7.697
2019-02-06 23:00,7.669
2019-02-07 00:00,7.414
2019-02-07 01:00,6.85
2019-02-07 02:00,6.123
2019-02-07 03:00,5.496
2019-02-07 04:00,4.958
2019-02-07 05:00,4.352
2019-02-07 06:00,4.309
2019-02-07 07:00,6.371
2019-02-07 08:00,9.572
2019-02-07 09:00,12.163
2019-02-07 10:00,13.724
2019-02-07 11:00,14.418
2019-02-07 12:00,14.606
2019-02-07 13:00,14.475
2019-02-07 14:00,14.056
2019-02-07 15:00,12.745
2019-02-07 16:00,11.14
2019-02-07 17:00,9.826
2019-02-07 18:00,8.367
2019-02-07 19:00,7.14
2019-02-07 20:00,7.054
2019-02-07 21:00,6.888
2019-02-07 22:00,6.448
2019-02-07 23:00,5.391
2019-02-08 00:00,4.994
2019-02-08 01:00,4.749
2019-02-08 02:00,4.423
2019-02-08 03:00,4.013
2019-02-08 04:00,3.727
2019-02-08 05:00,3.294
2019-02-08 06:00,3.305
2019-02-08 07:00,6.546
2019-02-08 08:00,9.954
2019-02-08 09:00,12.794
2019-02-08 10:00,14.787
2019-02-08 11:00,15.952
2019-02-08 12:00,16.466
2019-02-08 13:00,16.392
2019-02-08 14:00,15.477
2019-02-08 15:00,14.098
2019-02-08 16:00,12.638
2019-02-08 17:00,11.035
2019-02-08 18:00,9.078
2019-02-08 19:00,8.055
2019-02-08 20:00,7.752
2019-02-08 21:00,7.156
2019-02-08 22:00,6.886
2019-02-08 23:00,6.581
2019-02-09 00:00,6.257
2019-02-09 01:00,5.981
2019-02-09 02:00,5.627
2019-02-09 03:00,5.342
2019-02-09 04:00,5.091
2019-02-09 05:00,4.762
2019-02-09 06:00,4.659
2019-02-09 07:00,5.712
2019-02-09 08:00,7.801
2019-02-09 09:00,10.774
2019-02-09 10:00,13.405
2019-02-09 11:00,14.556
2019-02-09 12:00,14.883
2019-02-09 13:00,14.902
2019-02-09 14:00,14.648
2019-02-09 15:00,13.947
2019-02-09 16:00,12.263
2019-02-09 17:00,10.296
2019-02-09 18:00,8.896
2019-02-09 19:00,8.191
2019-02-09 20:00,7.976
2019-02-09 21:00,7.765
2019-02-09 22:00,7.554
2019-02-09 23:00,7.357
2019-02-10 00:00,6.979
2019-02-10 01:00,6.699
2019-02-10 02:00,6.254
2019-02-10 03:00,5.866
2019-02-10 04:00,5.253
2019-02-10 05:00,4.589
2019-02-10 06:00,4.075
2019-02-10 07:00,4.438
2019-02-10 08:00,5.911
2019-02-10 09:00,9.091
2019-02-10 10:00,11.064
2019-02-10 11:00,12.416
2019-02-10 12:00,13.319
2019-02-10 13:00,13.566
2019-02-10 14:00,12.985
2019-02-10 15:00,12.05
2019-02-10 16:00,10.889
2019-02-10 17:00,9.354
2019-02-10 18:00,7.264
2019-02-10 19:00,4.716
2019-02-10 20:00,4.117
2019-02-10 21:00,3.684
2019-02-10 22:00,3.504
2019-02-10 23:00,3.014
2019-02-11 00:00,2.558
2019-02-11 01:00,2.366
2019-02-11 02:00,2.375
2019-02-11 03:00,2.525
2019-02-11 04:00,2.703
2019-02-11 05:00,2.591
2019-02-11 06:00,2.875
2019-02-11 07:00,3.62
2019-02-11 08:00,4.732
2019-02-11 09:00,6.732
2019-02-11 10:00,9.829
2019-02-11 11:00,11.672
2019-02-11 12:00,12.06
2019-02-11 13:00,11.688
2019-02-11 14:00,11.144
2019-02-11 15:00,10.679
2019-02-11 16:00,10.06
2019-02-11 17:00,9.347
2019-02-11 18:00,8.384
2019-02-11 19:00,7.225
2019-02-11 20:00,6.683
2019-02-11 21:00,6.428
2019-02-11 22:00,6.336
2019-02-11 23:00,5.884
2019-02-12 00:00,3.334
2019-02-12 01:00,2.995
2019-02-12 02:00,3.128
2019-02-12 03:00,2.962
2019-02-12 04:00,3.014
2019-02-12 05:00,2.918
2019-02-12 06:00,3.073
2019-02-12 07:00,3.755
2019-02-12 08:00,5.142
2019-02-12 09:00,7.227
2019-02-12 10:00,9.122
2019-02-12 11:00,10.521
2019-02-12 12:00,11.754
2019-02-12 13:00,11.786
2019-02-12 14:00,10.957
2019-02-12 15:00,10.054
2019-02-12 16:00,9.396
2019-02-12 17:00,8.65
2019-02-12 18:00,7.548
2019-02-12 19:00,7.02
2019-02-12 20:00,6.889
2019-02-12 21:00,6.426
2019-02-12 22:00,5.907
2019-02-12 23:00,5.463
2019-02-13 00:00,5.031
2019-02-13 01:00,5.011
2019-02-13 02:00,4.991
2019-02-13 03:00,4.758
2019-02-13 04:00,4.623
2019-02-13 05:00,4.543
2019-02-13 06:00,4.325
2019-02-13 07:00,3.967
2019-02-13 08:00,4.305
2019-02-13 09:00,5.19
2019-02-13 10:00,7.085
2019-02-13 11:00,8.299
2019-02-13 12:00,9.287
2019-02-13 13:00,10.034
2019-02-13 14:00,10.367
2019-02-13 15:00,10.182
2019-02-13 16:00,9.726
2019-02-13 17:00,8.976
2019-02-13 18:00,7.769
2019-02-13 19:00,6.861
2019-02-13 20:00,6.392
2019-02-13 21:00,5.855
2019-02-13 22:00,5.581
2019-02-13 23:00,5.446
2019-02-14 00:00,5.415
2019-02-14 01:00,5.422
2019-02-14 02:00,5.371
2019-02-14 03:00,5.268
2019-02-14 04:00,5.015
2019-02-14 05:00,4.841
2019-02-14 06:00,4.947
2019-02-14 07:00,6.801
2019-02-14 08:00,9.303
2019-02-14 09:00,11.394
2019-02-14 10:00,13.055
2019-02-14 11:00,14.017
2019-02-14 12:00,14.395
2019-02-14 13:00,13.874
2019-02-14 14:00,13.37
2019-02-14 15:00,12.677
2019-02-14 16:00,11.668
2019-02-14 17:00,10.385
2019-02-14 18:00,8.945
2019-02-14 19:00,8.198
2019-02-14 20:00,7.923
2019-02-14 21:00,7.551
2019-02-14 22:00,7.012
2019-02-14 23:00,6.702
2019-02-15 00:00,6.127
2019-02-15 01:00,5.749
2019-02-15 02:00,5.437
2019-02-15 03:00,5.276
2019-02-15 04:00,5.063
2019-02-15 05:00,5.17
2019-02-15 06:00,5.738
2019-02-15 07:00,7.729
2019-02-15 08:00,9.619
2019-02-15 09:00,11.574
2019-02-15 10:00,13.077
2019-02-15 11:00,13.791
2019-02-15 12:00,13.809
2019-02-15 13:00,12.907
2019-02-15 14:00,12.153
2019-02-15 15:00,11.404
2019-02-15 16:00,10.596
2019-02-15 17:00,9.67
2019-02-15 18:00,8.698
2019-02-15 19:00,8.129
2019-02-15 20:00,7.675
2019-02-15 21:00,7.278
2019-02-15 22:00,6.928
2019-02-15 23:00,6.504
2019-02-16 00:00,6.455
2019-02-16 01:00,6.405
2019-02-16 02:00,6.301
2019-02-16 03:00,6.237
2019-02-16 04:00,6.129
2019-02-16 05:00,5.991
2019-02-16 06:00,6.248
2019-02-16 07:00,8.201
2019-02-16 08:00,9.793
2019-02-16 09:00,11.244
2019-02-16 10:00,12.467
2019-02-16 11:00,12.794
2019-02-16 12:00,12.671
2019-02-16 13:00,12.131
2019-02-16 14:00,11.316
2019-02-16 15:00,10.478
2019-02-16 16:00,9.293
2019-02-16 17:00,7.318
2019-02-16 18:00,5.131
2019-02-16 19:00,4.274
2019-02-16 20:00,4.091
2019-02-16 21:00,4.682
2019-02-16 22:00,5.153
2019-02-16 23:00,5.443
2019-02-17 00:00,5.65
2019-02-17 01:00,5.796
2019-02-17 02:00,5.885
2019-02-17 03:00,5.786
2019-02-17 04:00,5.482
2019-02-17 05:00,5.158
2019-02-17 06:00,5.281
2019-02-17 07:00,6.616
2019-02-17 08:00,8.637
2019-02-17 09:00,11.528
2019-02-17 10:00,14.188
2019-02-17 11:00,15.655
2019-02-17 12:00,16.211
2019-02-17 13:00,15.486
2019-02-17 14:00,14.157
2019-02-17 15:00,12.887
2019-02-17 16:00,11.668
2019-02-17 17:00,10.533
2019-02-17 18:00,9.496
2019-02-17 19:00,8.938
2019-02-17 20:00,8.727
2019-02-17 21:00,8.544
2019-02-17 22:00,8.217
2019-02-17 23:00,7.908
2019-02-18 00:00,7.214
2019-02-18 01:00,5.406
2019-02-18 02:00,4.156
2019-02-18 03:00,3.766
2019-02-18 04:00,3.079
2019-02-18 05:00,2.511
2019-02-18 06:00,2.217
2019-02-18 07:00,2.59
2019-02-18 08:00,3.739
2019-02-18 09:00,5.539
2019-02-18 10:00,8.854
2019-02-18 11:00,12.049
2019-02-18 12:00,14.553
2019-02-18 13:00,15.8
2019-02-18 14:00,15.75
2019-02-18 15:00,15.183
2019-02-18 16:00,13.69
2019-02-18 17:00,11.988
2019-02-18 18:00,9.789
2019-02-18 19:00,8.191
2019-02-18 20:00,8.225
2019-02-18 21:00,8.074
2019-02-18 22:00,7.812
2019-02-18 23:00,7.581
2019-02-19 00:00,7.575
2019-02-19 01:00,7.614
2019-02-19 02:00,7.184
2019-02-19 03:00,6.466
2019-02-19 04:00,5.947
2019-02-19 05:00,5.494
2019-02-19 06:00,5.225
2019-02-19 07:00,6.597
2019-02-19 08:00,9.053
2019-02-19 09:00,12.409
2019-02-19 10:00,14.515
2019-02-19 11:00,15.012
2019-02-19 12:00,14.789
2019-02-19 13:00,14.414
2019-02-19 14:00,13.685
2019-02-19 15:00,12.824
2019-02-19 16:00,11.864
2019-02-19 17:00,10.823
2019-02-19 18:00,9.555
2019-02-19 19:00,8.824
2019-02-19 20:00,8.699
2019-02-19 21:00,8.574
2019-02-19 22:00,8.305
2019-02-19 23:00,8.136
2019-02-20 00:00,8.007
2019-02-20 01:00,7.897
2019-02-20 02:00,7.71
2019-02-20 03:00,7.489
2019-02-20 04:00,7.332
2019-02-20 05:00,7.142
2019-02-20 06:00,7.247
2019-02-20 07:00,7.669
2019-02-20 08:00,6.862
2019-02-20 09:00,6.699
2019-02-20 10:00,6.865
2019-02-20 11:00,6.819
2019-02-20 12:00,7.44
2019-02-20 13:00,9.263
2019-02-20 14:00,10.113
2019-02-20 15:00,9.996
2019-02-20 16:00,9.39
2019-02-20 17:00,8.759
2019-02-20 18:00,8.099
2019-02-20 19:00,7.573
2019-02-20 20:00,7.115
2019-02-20 21:00,6.6
2019-02-20 22:00,6.371
2019-02-20 23:00,6.108
2019-02-21 00:00,5.867
2019-02-21 01:00,5.811
2019-02-21 02:00,5.651
2019-02-21 03:00,5.645
2019-02-21 04:00,5.628
2019-02-21 05:00,5.571
2019-02-21 06:00,5.507
2019-02-21 07:00,7.086
2019-02-21 08:00,10.532
2019-02-21 09:00,13.226
2019-02-21 10:00,14.987
2019-02-21 11:00,15.892
2019-02-21 12:00,16.013
2019-02-21 13:00,15.595
2019-02-21 14:00,15.017
2019-02-21 15:00,14.53
2019-02-21 16:00,13.146
2019-02-21 17:00,11.407
2019-02-21 18:00,9.718
2019-02-21 19:00,8.775
2019-02-21 20:00,8.512
2019-02-21 21:00,8.046
2019-02-21 22:00,7.481
2019-02-21 23:00,6.749
2019-02-22 00:00,6.355
2019-02-22 01:00,5.908
2019-02-22 02:00,5.413
2019-02-22 03:00,4.982
2019-02-22 04:00,4.607
2019-02-22 05:00,4.255
2019-02-22 06:00,4.093
2019-02-22 07:00,6.791
2019-02-22 08:00,10.894
2019-02-22 09:00,13.372
2019-02-22 10:00,15.126
2019-02-22 11:00,15.791
2019-02-22 12:00,15.605
2019-02-22 13:00,15.164
2019-02-22 14:00,14.697
2019-02-22 15:00,14.029
2019-02-22 16:00,13.177
2019-02-22 17:00,12.197
2019-02-22 18:00,10.361
2019-02-22 19:00,8.082
2019-02-22 20:00,7.626
2019-02-22 21:00,7.778
2019-02-22 22:00,7.631
2019-02-22 23:00,7.294
2019-02-23 00:00,6.976
2019-02-23 01:00,6.796
2019-02-23 02:00,6.759
2019-02-23 03:00,7.013
2019-02-23 04:00,7.229
2019-02-23 05:00,7.203
2019-02-23 06:00,7.212
2019-02-23 07:00,8.79
2019-02-23 08:00,10.885
2019-02-23 09:00,13.042
2019-02-23 10:00,13.878
2019-02-23 11:00,12.776
2019-02-23 12:00,10.536
2019-02-23 13:00,7.024
2019-02-23 14:00,6.25
2019-02-23 15:00,8.924
2019-02-23 16:00,10.746
2019-02-23 17:00,10.761
2019-02-23 18:00,9.129
2019-02-23 19:00,7.233
2019-02-23 20:00,6.063
2019-02-23 21:00,5.512
2019-02-23 22:00,5.765
2019-02-23 23:00,6.229
2019-02-24 00:00,6.476
2019-02-24 01:00,6.36
2019-02-24 02:00,5.92
2019-02-24 03:00,5.558
2019-02-24 04:00,5.265
2019-02-24 05:00,4.258
2019-02-24 06:00,3.316
2019-02-24 07:00,3.85
2019-02-24 08:00,5.912
2019-02-24 09:00,8.815
2019-02-24 10:00,11.054
2019-02-24 11:00,11.667
2019-02-24 12:00,10.439
2019-02-24 13:00,8.407
2019-02-24 14:00,6.036
2019-02-24 15:00,6.189
2019-02-24 16:00,7.531
2019-02-24 17:00,8.625
2019-02-24 18:00,7.493
2019-02-24 19:00,6.392
2019-02-24 20:00,5.608
2019-02-24 21:00,5.338
2019-02-24 22:00,5.236
2019-02-24 23:00,5.072
2019-02-25 00:00,5.05
2019-02-25 01:00,4.306
2019-02-25 02:00,3.743
2019-02-25 03:00,3.124
2019-02-25 04:00,2.802
2019-02-25 05:00,2.753
2019-02-25 06:00,3.229
2019-02-25 07:00,6.358
2019-02-25 08:00,8.562
2019-02-25 09:00,10.32
2019-02-25 10:00,12.009
2019-02-25 11:00,13.309
2019-02-25 12:00,13.471
2019-02-25 13:00,13.443
2019-02-25 14:00,13.21
2019-02-25 15:00,12.406
2019-02-25 16:00,11.371
2019-02-25 17:00,10.155
2019-02-25 18:00,8.459
2019-02-25 19:00,6.064
2019-02-25 20:00,5.094
2019-02-25 21:00,4.667
2019-02-25 22:00,4.166
2019-02-25 23:00,3.621
2019-02-26 00:00,3.068
2019-02-26 01:00,2.701
2019-02-26 02:00,2.445
2019-02-26 03:00,2.267
2019-02-26 04:00,2.068
2019-02-26 05:00,1.889
2019-02-26 06:00,2.006
2019-02-26 07:00,3.186
2019-02-26 08:00,3.956
2019-02-26 09:00,4.94
2019-02-26 10:00,7.095
2019-02-26 11:00,9.424
2019-02-26 12:00,12.094
2019-02-26 13:00,13.197
2019-02-26 14:00,12.672
2019-02-26 15:00,11.617
2019-02-26 16:00,10.693
2019-02-26 17:00,9.669
2019-02-26 18:00,8.056
2019-02-26 19:00,6.44
2019-02-26 20:00,6.216
2019-02-26 21:00,6.921
2019-02-26 22:00,7.217
2019-02-26 23:00,7.05
2019-02-27 00:00,6.599
2019-02-27 01:00,5.988
2019-02-27 02:00,5.23
2019-02-27 03:00,4.747
2019-02-27 04:00,4.538
2019-02-27 05:00,4.536
2019-02-27 06:00,4.753
2019-02-27 07:00,5.962
2019-02-27 08:00,7.446
2019-02-27 09:00,9.337
2019-02-27 10:00,10.811
2019-02-27 11:00,11.376
2019-02-27 12:00,11.075
2019-02-27 13:00,10.561
2019-02-27 14:00,10.125
2019-02-27 15:00,9.712
2019-02-27 16:00,9.212
2019-02-27 17:00,8.511
2019-02-27 18:00,7.636
2019-02-27 19:00,7.196
2019-02-27 20:00,6.976
2019-02-27 21:00,6.721
2019-02-27 22:00,6.501
2019-02-27 23:00,6.245
2019-02-28 00:00,5.925
2019-02-28 01:00,5.683
2019-02-28 02:00,5.488
2019-02-28 03:00,5.277
2019-02-28 04:00,4.986
2019-02-28 05:00,4.717
2019-02-28 06:00,4.751
2019-02-28 07:00,5.915
2019-02-28 08:00,7.722
2019-02-28 09:00,9.435
2019-02-28 10:00,10.713
2019-02-28 11:00,11.299
2019-02-28 12:00,11.682
2019-02-28 13:00,11.492
2019-02-28 14:00,10.794
2019-02-28 15:00,10.111
2019-02-28 16:00,9.332
2019-02-28 17:00,8.432
2019-02-28 18:00,7.206
2019-02-28 19:00,6.472
2019-02-28 20:00,6.328
2019-02-28 21:00,6.148
2019-02-28 22:00,5.938
2019-02-28 23:00,5.782
2019-03-01 00:00,5.59
2019-03-01 01:00,5.371
2019-03-01 02:00,4.96
2019-03-01 03:00,4.416
2019-03-01 04:00,4.161
2019-03-01 05:00,3.982
2019-03-01 06:00,4.221
2019-03-01 07:00,6.148
2019-03-01 08:00,9.186
2019-03-01 09:00,12.609
2019-03-01 10:00,14.792
2019-03-01 11:00,16.038
2019-03-01 12:00,16.344
2019-03-01 13:00,15.963
2019-03-01 14:00,15.441
2019-03-01 15:00,14.404
2019-03-01 16:00,12.887
2019-03-01 17:00,11.064
2019-03-01 18:00,9.356
2019-03-01 19:00,8.571
2019-03-01 20:00,8.37
2019-03-01 21:00,8.073
2019-03-01 22:00,7.628
2019-03-01 23:00,7.339
2019-03-02 00:00,6.96
2019-03-02 01:00,6.544
2019-03-02 02:00,6.302
2019-03-02 03:00,5.806
2019-03-02 04:00,5.409
2019-03-02 05:00,5.218
2019-03-02 06:00,5.259
2019-03-02 07:00,7.206
2019-03-02 08:00,10.676
2019-03-02 09:00,13.976
2019-03-02 10:00,15.941
2019-03-02 11:00,17.007
2019-03-02 12:00,17.074
2019-03-02 13:00,16.321
2019-03-02 14:00,15.318
2019-03-02 15:00,14.115
2019-03-02 16:00,12.716
2019-03-02 17:00,11.082
2019-03-02 18:00,9.435
2019-03-02 19:00,8.768
2019-03-02 20:00,8.572
2019-03-02 21:00,8.244
2019-03-02 22:00,7.664
2019-03-02 23:00,7
2019-03-03 00:00,6.82
2019-03-03 01:00,6.52
2019-03-03 02:00,6.143
2019-03-03 03:00,5.905
2019-03-03 04:00,5.869
2019-03-03 05:00,5.936
2019-03-03 06:00,6.399
2019-03-03 07:00,8.055
2019-03-03 08:00,9.523
2019-03-03 09:00,10.452
2019-03-03 10:00,10.462
2019-03-03 11:00,10.764
2019-03-03 12:00,11.207
2019-03-03 13:00,11.14
2019-03-03 14:00,11.123
2019-03-03 15:00,10.902
2019-03-03 16:00,10.313
2019-03-03 17:00,9.568
2019-03-03 18:00,8.299
2019-03-03 19:00,7.459
2019-03-03 20:00,7.297
2019-03-03 21:00,6.798
2019-03-03 22:00,6.277
2019-03-03 23:00,6.038
2019-03-04 00:00,5.899
2019-03-04 01:00,5.556
2019-03-04 02:00,5.098
2019-03-04 03:00,4.268
2019-03-04 04:00,3.915
2019-03-04 05:00,3.4
2019-03-04 06:00,3.066
2019-03-04 07:00,6.619
2019-03-04 08:00,10.889
2019-03-04 09:00,14.146
2019-03-04 10:00,16.28
2019-03-04 11:00,17.782
2019-03-04 12:00,18.609
2019-03-04 13:00,18.564
2019-03-04 14:00,17.716
2019-03-04 15:00,16.259
2019-03-04 16:00,14.15
2019-03-04 17:00,11.923
2019-03-04 18:00,10.116
2019-03-04 19:00,8.453
2019-03-04 20:00,7.645
2019-03-04 21:00,7.348
2019-03-04 22:00,7.292
2019-03-04 23:00,7.086
2019-03-05 00:00,6.802
2019-03-05 01:00,6.532
2019-03-05 02:00,6.179
2019-03-05 03:00,5.948
2019-03-05 04:00,5.668
2019-03-05 05:00,5.305
2019-03-05 06:00,5.271
2019-03-05 07:00,7.254
2019-03-05 08:00,11.653
2019-03-05 09:00,14.519
2019-03-05 10:00,16.108
2019-03-05 11:00,16.982
2019-03-05 12:00,17.198
2019-03-05 13:00,16.773
2019-03-05 14:00,15.825
2019-03-05 15:00,14.689
2019-03-05 16:00,13.43
2019-03-05 17:00,11.71
2019-03-05 18:00,9.436
2019-03-05 19:00,8.365
2019-03-05 20:00,8.452
2019-03-05 21:00,8.227
2019-03-05 22:00,7.843
2019-03-05 23:00,7.472
2019-03-06 00:00,7.265
2019-03-06 01:00,7.034
2019-03-06 02:00,6.819
2019-03-06 03:00,6.633
2019-03-06 04:00,6.504
2019-03-06 05:00,6.331
2019-03-06 06:00,6.343
2019-03-06 07:00,7.974
2019-03-06 08:00,10.282
2019-03-06 09:00,12.293
2019-03-06 10:00,13.753
2019-03-06 11:00,14.795
2019-03-06 12:00,14.769
2019-03-06 13:00,13.962
2019-03-06 14:00,12.696
2019-03-06 15:00,11.844
2019-03-06 16:00,11.261
2019-03-06 17:00,10.631
2019-03-06 18:00,9.206
2019-03-06 19:00,7.933
2019-03-06 20:00,6.743
2019-03-06 21:00,6.386
2019-03-06 22:00,6.585
2019-03-06 23:00,6.398
2019-03-07 00:00,5.924
2019-03-07 01:00,5.289
2019-03-07 02:00,4.818
2019-03-07 03:00,4.583
2019-03-07 04:00,4.489
2019-03-07 05:00,4.459
2019-03-07 06:00,4.683
2019-03-07 07:00,7.126
2019-03-07 08:00,10.014
2019-03-07 09:00,13.02
2019-03-07 10:00,15.178
2019-03-07 11:00,16.129
2019-03-07 12:00,16.309
2019-03-07 13:00,16.13
2019-03-07 14:00,15.895
2019-03-07 15:00,15.403
2019-03-07 16:00,14.569
2019-03-07 17:00,13.067
2019-03-07 18:00,10.371
2019-03-07 19:00,8.426
2019-03-07 20:00,8.149
2019-03-07 21:00,8.101
2019-03-07 22:00,7.815
2019-03-07 23:00,7.397
2019-03-08 00:00,6.992
2019-03-08 01:00,6.642
2019-03-08 02:00,6.311
2019-03-08 03:00,5.99
2019-03-08 04:00,5.641
2019-03-08 05:00,5.32
2019-03-08 06:00,5.19
2019-03-08 07:00,7.081
2019-03-08 08:00,10.738
2019-03-08 09:00,13.774
2019-03-08 10:00,15.651
2019-03-08 11:00,16.645
2019-03-08 12:00,16.82
2019-03-08 13:00,16.341
2019-03-08 14:00,15.524
2019-03-08 15:00,14.596
2019-03-08 16:00,13.441
2019-03-08 17:00,12.039
2019-03-08 18:00,10.036
2019-03-08 19:00,9.121
2019-03-08 20:00,9.263
2019-03-08 21:00,9.298
2019-03-08 22:00,9.215
2019-03-08 23:00,9.07
2019-03-09 00:00,8.823
2019-03-09 01:00,8.242
2019-03-09 02:00,7.885
2019-03-09 03:00,7.378
2019-03-09 04:00,7.024
2019-03-09 05:00,6.774
2019-03-09 06:00,6.85
2019-03-09 07:00,8.329
2019-03-09 08:00,9.642
2019-03-09 09:00,11.038
2019-03-09 10:00,12.794
2019-03-09 11:00,14.461
2019-03-09 12:00,15.474
2019-03-09 13:00,15.918
2019-03-09 14:00,15.763
2019-03-09 15:00,14.562
2019-03-09 16:00,13.037
2019-03-09 17:00,11.167
2019-03-09 18:00,9.325
2019-03-09 19:00,8.89
2019-03-09 20:00,9.021
2019-03-09 21:00,8.683
2019-03-09 22:00,7.603
2019-03-09 23:00,6.835
2019-03-10 00:00,6.697
2019-03-10 01:00,6.623
2019-03-10 02:00,6.435
2019-03-10 03:00,6.099
2019-03-10 04:00,5.808
2019-03-10 05:00,5.544
2019-03-10 06:00,5.333
2019-03-10 07:00,6.152
2019-03-10 08:00,7.947
2019-03-10 09:00,10.275
2019-03-10 10:00,12.544
2019-03-10 11:00,14.08
2019-03-10 12:00,14.528
2019-03-10 13:00,14.469
2019-03-10 14:00,14.159
2019-03-10 15:00,13.24
2019-03-10 16:00,11.717
2019-03-10 17:00,10.087
2019-03-10 18:00,8.793
2019-03-10 19:00,8.303
2019-03-10 20:00,8.182
2019-03-10 21:00,7.953
2019-03-10 22:00,7.372
2019-03-10 23:00,7.021
2019-03-11 00:00,6.664
2019-03-11 01:00,6.207
2019-03-11 02:00,5.933
2019-03-11 03:00,5.585
2019-03-11 04:00,5.42
2019-03-11 05:00,5.271
2019-03-11 06:00,5.318
2019-03-11 07:00,6.315
2019-03-11 08:00,8.826
2019-03-11 09:00,12.124
2019-03-11 10:00,14.664
2019-03-11 11:00,15.962
2019-03-11 12:00,16.485
2019-03-11 13:00,16.45
2019-03-11 14:00,15.387
2019-03-11 15:00,13.625
2019-03-11 16:00,11.84
2019-03-11 17:00,10.521
2019-03-11 18:00,9.528
2019-03-11 19:00,8.91
2019-03-11 20:00,8.665
2019-03-11 21:00,8.458
2019-03-11 22:00,8.212
2019-03-11 23:00,7.9
2019-03-12 00:00,7.565
2019-03-12 01:00,7.314
2019-03-12 02:00,7.066
2019-03-12 03:00,6.782
2019-03-12 04:00,6.592
2019-03-12 05:00,6.268
2019-03-12 06:00,5.628
2019-03-12 07:00,4.803
2019-03-12 08:00,5.942
2019-03-12 09:00,7.813
2019-03-12 10:00,10.118
2019-03-12 11:00,11.078
2019-03-12 12:00,11.611
2019-03-12 13:00,11.884
2019-03-12 14:00,11.791
2019-03-12 15:00,11.721
2019-03-12 16:00,11.437
2019-03-12 17:00,10.229
2019-03-12 18:00,8.512
2019-03-12 19:00,7.781
2019-03-12 20:00,7.737
2019-03-12 21:00,7.836
2019-03-12 22:00,7.605
2019-03-12 23:00,7.292
2019-03-13 00:00,6.979
2019-03-13 01:00,6.673
2019-03-13 02:00,6.291
2019-03-13 03:00,5.949
2019-03-13 04:00,5.693
2019-03-13 05:00,5.523
2019-03-13 06:00,5.446
2019-03-13 07:00,6.611
2019-03-13 08:00,8.51
2019-03-13 09:00,10.951
2019-03-13 10:00,12.599
2019-03-13 11:00,12.181
2019-03-13 12:00,12.022
2019-03-13 13:00,12.049
2019-03-13 14:00,12.279
2019-03-13 15:00,12.387
2019-03-13 16:00,12.079
2019-03-13 17:00,10.856
2019-03-13 18:00,8.398
2019-03-13 19:00,6.718
2019-03-13 20:00,6.9
2019-03-13 21:00,6.84
2019-03-13 22:00,6.429
2019-03-13 23:00,6.058
2019-03-14 00:00,5.823
2019-03-14 01:00,5.583
2019-03-14 02:00,5.278
2019-03-14 03:00,4.958
2019-03-14 04:00,4.908
2019-03-14 05:00,4.912
2019-03-14 06:00,5.011
2019-03-14 07:00,5.908
2019-03-14 08:00,7.676
2019-03-14 09:00,10.108
2019-03-14 10:00,12.309
2019-03-14 11:00,13.53
2019-03-14 12:00,14.113
2019-03-14 13:00,13.746
2019-03-14 14:00,12.799
2019-03-14 15:00,11.526
2019-03-14 16:00,10.426
2019-03-14 17:00,9.336
2019-03-14 18:00,8.314
2019-03-14 19:00,7.94
2019-03-14 20:00,7.844
2019-03-14 21:00,7.711
2019-03-14 22:00,7.387
2019-03-14 23:00,7.04
2019-03-15 00:00,6.648
2019-03-15 01:00,6.248
2019-03-15 02:00,5.847
2019-03-15 03:00,5.575
2019-03-15 04:00,5.402
2019-03-15 05:00,5.204
2019-03-15 06:00,5.216
2019-03-15 07:00,6.593
2019-03-15 08:00,8.194
2019-03-15 09:00,10.495
2019-03-15 10:00,12.541
2019-03-15 11:00,13.798
2019-03-15 12:00,14.294
2019-03-15 13:00,14.507
2019-03-15 14:00,14.181
2019-03-15 15:00,13.278
2019-03-15 16:00,11.836
2019-03-15 17:00,10.284
2019-03-15 18:00,9.008
2019-03-15 19:00,8.539
2019-03-15 20:00,8.317
2019-03-15 21:00,8.031
2019-03-15 22:00,7.789
2019-03-15 23:00,7.651
2019-03-16 00:00,7.039
2019-03-16 01:00,4.974
2019-03-16 02:00,3.445
2019-03-16 03:00,3.143
2019-03-16 04:00,3.302
2019-03-16 05:00,3.448
2019-03-16 06:00,3.338
2019-03-16 07:00,4.307
2019-03-16 08:00,6.879
2019-03-16 09:00,9.534
2019-03-16 10:00,12.361
2019-03-16 11:00,14.615
2019-03-16 12:00,15.569
2019-03-16 13:00,15.419
2019-03-16 14:00,14.499
2019-03-16 15:00,13.059
2019-03-16 16:00,11.342
2019-03-16 17:00,9.944
2019-03-16 18:00,8.862
2019-03-16 19:00,8.576
2019-03-16 20:00,8.518
2019-03-16 21:00,6.608
2019-03-16 22:00,5.371
2019-03-16 23:00,4.051
2019-03-17 00:00,3.296
2019-03-17 01:00,2.543
2019-03-17 02:00,2.404
2019-03-17 03:00,2.18
2019-03-17 04:00,1.841
2019-03-17 05:00,1.772
2019-03-17 06:00,2.108
2019-03-17 07:00,3.196
2019-03-17 08:00,5.792
2019-03-17 09:00,9.582
2019-03-17 10:00,12.384
2019-03-17 11:00,14.446
2019-03-17 12:00,15.809
2019-03-17 13:00,16.492
2019-03-17 14:00,16.286
2019-03-17 15:00,15.432
2019-03-17 16:00,13.861
2019-03-17 17:00,11.667
2019-03-17 18:00,9.441
2019-03-17 19:00,8.748
2019-03-17 20:00,8.58
2019-03-17 21:00,8.26
2019-03-17 22:00,7.939
2019-03-17 23:00,7.391
2019-03-18 00:00,7.084
2019-03-18 01:00,6.849
2019-03-18 02:00,6.64
2019-03-18 03:00,6.441
2019-03-18 04:00,6.238
2019-03-18 05:00,6.234
2019-03-18 06:00,6.305
2019-03-18 07:00,8.063
2019-03-18 08:00,9.523
2019-03-18 09:00,11.483
2019-03-18 10:00,12.798
2019-03-18 11:00,13.202
2019-03-18 12:00,12.03
2019-03-18 13:00,11.337
2019-03-18 14:00,11.215
2019-03-18 15:00,11.07
2019-03-18 16:00,10.614
2019-03-18 17:00,9.713
2019-03-18 18:00,8.439
2019-03-18 19:00,7.769
2019-03-18 20:00,7.55
2019-03-18 21:00,7.155
2019-03-18 22:00,6.824
2019-03-18 23:00,6.41
2019-03-19 00:00,5.97
2019-03-19 01:00,5.639
2019-03-19 02:00,5.382
2019-03-19 03:00,5.154
2019-03-19 04:00,4.847
2019-03-19 05:00,4.625
2019-03-19 06:00,4.629
2019-03-19 07:00,6.407
2019-03-19 08:00,8.793
2019-03-19 09:00,11.104
2019-03-19 10:00,13.035
2019-03-19 11:00,14.092
2019-03-19 12:00,14.599
2019-03-19 13:00,14.488
2019-03-19 14:00,13.736
2019-03-19 15:00,12.941
2019-03-19 16:00,11.547
2019-03-19 17:00,10.093
2019-03-19 18:00,8.849
2019-03-19 19:00,8.385
2019-03-19 20:00,8.141
2019-03-19 21:00,7.846
2019-03-19 22:00,7.54
2019-03-19 23:00,7.237
2019-03-20 00:00,6.938
2019-03-20 01:00,6.616
2019-03-20 02:00,6.269
2019-03-20 03:00,6.029
2019-03-20 04:00,5.812
2019-03-20 05:00,5.62
2019-03-20 06:00,5.532
2019-03-20 07:00,6.594
2019-03-20 08:00,8.264
2019-03-20 09:00,10.015
2019-03-20 10:00,11.666
2019-03-20 11:00,12.317
2019-03-20 12:00,11.435
2019-03-20 13:00,10.71
2019-03-20 14:00,10.369
2019-03-20 15:00,10.221
2019-03-20 16:00,9.866
2019-03-20 17:00,8.816
2019-03-20 18:00,7.34
2019-03-20 19:00,6.576
2019-03-20 20:00,6.418
2019-03-20 21:00,6.228
2019-03-20 22:00,5.717
2019-03-20 23:00,5.268
2019-03-21 00:00,4.973
2019-03-21 01:00,4.604
2019-03-21 02:00,4.159
2019-03-21 03:00,3.808
2019-03-21 04:00,3.545
2019-03-21 05:00,3.446
2019-03-21 06:00,3.582
2019-03-21 07:00,4.807
2019-03-21 08:00,7.044
2019-03-21 09:00,9.347
2019-03-21 10:00,11.701
2019-03-21 11:00,13.469
2019-03-21 12:00,14.419
2019-03-21 13:00,14.795
2019-03-21 14:00,13.939
2019-03-21 15:00,12.593
2019-03-21 16:00,10.924
2019-03-21 17:00,9.485
2019-03-21 18:00,8.3
2019-03-21 19:00,7.707
2019-03-21 20:00,7.408
2019-03-21 21:00,7.042
2019-03-21 22:00,6.726
2019-03-21 23:00,6.456
2019-03-22 00:00,6.099
2019-03-22 01:00,5.691
2019-03-22 02:00,5.368
2019-03-22 03:00,5.184
2019-03-22 04:00,5.12
2019-03-22 05:00,5.181
2019-03-22 06:00,5.1
2019-03-22 07:00,6.905
2019-03-22 08:00,9.492
2019-03-22 09:00,12.045
2019-03-22 10:00,14.342
2019-03-22 11:00,15.693
2019-03-22 12:00,16.063
2019-03-22 13:00,15.841
2019-03-22 14:00,15.272
2019-03-22 15:00,14.335
2019-03-22 16:00,13.122
2019-03-22 17:00,11.335
2019-03-22 18:00,8.713
2019-03-22 19:00,7.079
2019-03-22 20:00,7.14
2019-03-22 21:00,7.111
2019-03-22 22:00,6.933
2019-03-22 23:00,6.583
2019-03-23 00:00,6.177
2019-03-23 01:00,5.774
2019-03-23 02:00,5.368
2019-03-23 03:00,4.968
2019-03-23 04:00,4.646
2019-03-23 05:00,4.377
2019-03-23 06:00,4.159
2019-03-23 07:00,5.689
2019-03-23 08:00,8.745
2019-03-23 09:00,12.537
2019-03-23 10:00,14.802
2019-03-23 11:00,16.335
2019-03-23 12:00,17.267
2019-03-23 13:00,17.504
2019-03-23 14:00,17.171
2019-03-23 15:00,16.23
2019-03-23 16:00,14.65
2019-03-23 17:00,12.429
2019-03-23 18:00,9.391
2019-03-23 19:00,8.261
2019-03-23 20:00,8.164
2019-03-23 21:00,8.016
2019-03-23 22:00,7.717
2019-03-23 23:00,7.266
2019-03-24 00:00,6.737
2019-03-24 01:00,6.337
2019-03-24 02:00,5.995
2019-03-24 03:00,5.721
2019-03-24 04:00,5.468
2019-03-24 05:00,5.277
2019-03-24 06:00,5.197
2019-03-24 07:00,6.757
2019-03-24 08:00,9.058
2019-03-24 09:00,11.32
2019-03-24 10:00,12.359
2019-03-24 11:00,12.526
2019-03-24 12:00,12.619
2019-03-24 13:00,12.888
2019-03-24 14:00,13.077
2019-03-24 15:00,13.173
2019-03-24 16:00,12.603
2019-03-24 17:00,11.083
2019-03-24 18:00,8.712
2019-03-24 19:00,7.872
2019-03-24 20:00,7.919
2019-03-24 21:00,7.858
2019-03-24 22:00,7.535
2019-03-24 23:00,7.263
2019-03-25 00:00,7.088
2019-03-25 01:00,6.928
2019-03-25 02:00,6.693
2019-03-25 03:00,6.159
2019-03-25 04:00,5.865
2019-03-25 05:00,5.508
2019-03-25 06:00,5.214
2019-03-25 07:00,6.5
2019-03-25 08:00,7.978
2019-03-25 09:00,9.786
2019-03-25 10:00,11.712
2019-03-25 11:00,13.192
2019-03-25 12:00,14.052
2019-03-25 13:00,14.441
2019-03-25 14:00,14.191
2019-03-25 15:00,13.167
2019-03-25 16:00,11.335
2019-03-25 17:00,9.544
2019-03-25 18:00,8.234
2019-03-25 19:00,7.867
2019-03-25 20:00,7.674
2019-03-25 21:00,7.434
2019-03-25 22:00,7.092
2019-03-25 23:00,6.567
2019-03-26 00:00,5.975
2019-03-26 01:00,5.372
2019-03-26 02:00,4.862
2019-03-26 03:00,4.506
2019-03-26 04:00,4.275
2019-03-26 05:00,4.344
2019-03-26 06:00,4.508
2019-03-26 07:00,5.609
2019-03-26 08:00,7.335
2019-03-26 09:00,8.909
2019-03-26 10:00,10.425
2019-03-26 11:00,11.496
2019-03-26 12:00,12.142
2019-03-26 13:00,12.463
2019-03-26 14:00,11.882
2019-03-26 15:00,10.695
2019-03-26 16:00,9.358
2019-03-26 17:00,8.104
2019-03-26 18:00,7.175
2019-03-26 19:00,6.943
2019-03-26 20:00,6.91
2019-03-26 21:00,6.655
2019-03-26 22:00,6.009
2019-03-26 23:00,5.338
2019-03-27 00:00,4.78
2019-03-27 01:00,4.332
2019-03-27 02:00,3.889
2019-03-27 03:00,3.411
2019-03-27 04:00,3.095
2019-03-27 05:00,3.049
2019-03-27 06:00,2.972
2019-03-27 07:00,3.949
2019-03-27 08:00,5.784
2019-03-27 09:00,8.104
2019-03-27 10:00,10.59
2019-03-27 11:00,12.075
2019-03-27 12:00,11.995
2019-03-27 13:00,11.631
2019-03-27 14:00,11.448
2019-03-27 15:00,10.899
2019-03-27 16:00,10.057
2019-03-27 17:00,8.579
2019-03-27 18:00,7.116
2019-03-27 19:00,6.687
2019-03-27 20:00,6.519
2019-03-27 21:00,6.271
2019-03-27 22:00,5.909
2019-03-27 23:00,5.509
2019-03-28 00:00,4.984
2019-03-28 01:00,4.554
2019-03-28 02:00,4.247
2019-03-28 03:00,3.909
2019-03-28 04:00,3.571
2019-03-28 05:00,3.363
2019-03-28 06:00,3.167
2019-03-28 07:00,4.688
2019-03-28 08:00,6.806
2019-03-28 09:00,9.526
2019-03-28 10:00,12.201
2019-03-28 11:00,14.021
2019-03-28 12:00,14.908
2019-03-28 13:00,15.124
2019-03-28 14:00,14.513
2019-03-28 15:00,13.571
2019-03-28 16:00,12.323
2019-03-28 17:00,10.513
2019-03-28 18:00,7.939
2019-03-28 19:00,7.108
2019-03-28 20:00,7.16
2019-03-28 21:00,6.769
2019-03-28 22:00,6.461
2019-03-28 23:00,6.303
2019-03-29 00:00,5.774
2019-03-29 01:00,5.333
2019-03-29 02:00,4.779
2019-03-29 03:00,4.263
2019-03-29 04:00,3.676
2019-03-29 05:00,3.113
2019-03-29 06:00,2.916
2019-03-29 07:00,4.646
2019-03-29 08:00,7.643
2019-03-29 09:00,10.776
2019-03-29 10:00,12.96
2019-03-29 11:00,14.041
2019-03-29 12:00,14.31
2019-03-29 13:00,14.243
2019-03-29 14:00,13.864
2019-03-29 15:00,13.115
2019-03-29 16:00,11.92
2019-03-29 17:00,10.139
2019-03-29 18:00,7.955
2019-03-29 19:00,7.002
2019-03-29 20:00,6.8
2019-03-29 21:00,6.446
2019-03-29 22:00,6.057
2019-03-29 23:00,5.661
2019-03-30 00:00,5.219
2019-03-30 01:00,4.893
2019-03-30 02:00,4.57
2019-03-30 03:00,4.221
2019-03-30 04:00,4.039
2019-03-30 05:00,4.124
2019-03-30 06:00,4.179
2019-03-30 07:00,5.498
2019-03-30 08:00,7.64
2019-03-30 09:00,10.248
2019-03-30 10:00,11.952
2019-03-30 11:00,12.997
2019-03-30 12:00,13.822
2019-03-30 13:00,14.182
2019-03-30 14:00,14.176
2019-03-30 15:00,13.744
2019-03-30 16:00,12.195
2019-03-30 17:00,10.393
2019-03-30 18:00,8.757
2019-03-30 19:00,8.246
2019-03-30 20:00,8.109
2019-03-30 21:00,7.844
2019-03-30 22:00,7.431
2019-03-30 23:00,7.014
2019-03-31 00:00,6.724
2019-03-31 01:00,6.432
2019-03-31 02:00,6.065
2019-03-31 03:00,5.756
2019-03-31 04:00,5.524
2019-03-31 05:00,5.24
2019-03-31 06:00,4.964
2019-03-31 07:00,6.703
2019-03-31 08:00,9.063
2019-03-31 09:00,11.979
2019-03-31 10:00,14.505
2019-03-31 11:00,15.924
2019-03-31 12:00,16.411
2019-03-31 13:00,16.007
2019-03-31 14:00,15.14
2019-03-31 15:00,13.951
2019-03-31 16:00,12.765
2019-03-31 17:00,11.361
2019-03-31 18:00,9.487
2019-03-31 19:00,8.434
2019-03-31 20:00,8.167
2019-03-31 21:00,8.084
2019-03-31 22:00,7.837
2019-03-31 23:00,7.383
